{
  "detection": {
    "mAP@0.5": 0.7272727272721162,
    "Precision@0.5": 0.9999999999991597,
    "Recall@0.5": 0.7579617834390078,
    "mAP@0.75": 0.6898395721904947,
    "Precision@0.75": 0.9411764705874444,
    "Recall@0.75": 0.7133757961778896,
    "mAP@0.5:0.95": 0.5927578735641715,
    "F1": 0.862318840530033,
    "TP": 119,
    "FP": 0,
    "FN": 38,
    "avg_inference_time_ms": 29.654626215785004,
    "min_inference_time_ms": 22.068500518798828,
    "max_inference_time_ms": 2480.184316635132,
    "fps": 33.72155132637299,
    "processed_frames": 605
  },
  "tracking": {
    "IDF1": 0.8458717114218711,
    "IDP": 0.9999999999989587,
    "IDR": 0.7329096079511288,
    "ID_TP": 96.04177852144196,
    "ID_FP": 0,
    "ID_FN": 35
  },
  "model_info": {
    "name": "YOLO-ONNX-yolo11l.onnx",
    "conf_threshold": 0.3,
    "iou_threshold": 0.45,
    "max_det": 300,
    "device": "cuda"
  }
}